[{"id":"58","name":"Group A","created_date":"2022-02-10 18:55:25","updated_date":"2022-02-10 18:55:25","child_group":null,"contact":null},{"id":"59","name":"Group AA","created_date":"2022-02-10 18:55:30","updated_date":"2022-02-10 18:55:30","child_group":null,"contact":null},{"id":"60","name":"Group B","created_date":"2022-02-10 18:55:34","updated_date":"2022-02-10 18:55:34","child_group":null,"contact":null},{"id":"61","name":"Group C","created_date":"2022-02-10 18:55:39","updated_date":"2022-02-10 18:55:39","child_group":null,"contact":null},{"id":"62","name":"Group D","created_date":"2022-02-10 18:55:46","updated_date":"2022-02-10 18:55:46","child_group":null,"contact":null}]