[{"id":"1","first_name":"Sam","last_name":"Wallace","zip_code":"23456","street":"street 49","city_id":"2","email_address":"same@gmail.com","created_date":"2022-02-06 00:05:54","updated_date":"2022-02-06 00:05:54","name":"Delhi"},{"id":"2","first_name":"Tom","last_name":"Vetter","zip_code":"23456","street":"street 49","city_id":"2","email_address":"tom@gmail.com","created_date":"2022-02-06 00:05:54","updated_date":"2022-02-06 00:05:54","name":"Delhi"},{"id":"3","first_name":"Mike","last_name":"Graves","zip_code":"23456","street":"street 49","city_id":"3","email_address":"mike@gmail.com","created_date":"2022-02-06 00:05:54","updated_date":"2022-02-06 00:05:54","name":"Bengluru"},{"id":"4","first_name":"Zack","last_name":"Rohe","zip_code":"23456","street":"street 49","city_id":"4","email_address":"zack@gmail.com","created_date":"2022-02-06 00:05:54","updated_date":"2022-02-06 00:05:54","name":"Chennai"},{"id":"5","first_name":"fghd","last_name":"dfsgs","zip_code":"ghdg","street":"ghgfh","city_id":"1","email_address":"ghgfdh@gmail.com","created_date":"2022-02-06 00:06:35","updated_date":"2022-02-06 00:06:35","name":"Mumbai"}]