<?xml version="1.0"?>
<address_book>
  <contact_info>
    <id>1</id>
    <first_name>Sam</first_name>
    <last_name>Wallace</last_name>
    <zip_code>23456</zip_code>
    <street>street 49</street>
    <city_id>2</city_id>
    <email_address>same@gmail.com</email_address>
    <created_date>2022-02-06 00:05:54</created_date>
    <updated_date>2022-02-06 00:05:54</updated_date>
    <name>Delhi</name>
  </contact_info>
  <contact_info>
    <id>2</id>
    <first_name>Tom</first_name>
    <last_name>Vetter</last_name>
    <zip_code>23456</zip_code>
    <street>street 49</street>
    <city_id>2</city_id>
    <email_address>tom@gmail.com</email_address>
    <created_date>2022-02-06 00:05:54</created_date>
    <updated_date>2022-02-06 00:05:54</updated_date>
    <name>Delhi</name>
  </contact_info>
  <contact_info>
    <id>3</id>
    <first_name>Mike</first_name>
    <last_name>Graves</last_name>
    <zip_code>23456</zip_code>
    <street>street 49</street>
    <city_id>3</city_id>
    <email_address>mike@gmail.com</email_address>
    <created_date>2022-02-06 00:05:54</created_date>
    <updated_date>2022-02-06 00:05:54</updated_date>
    <name>Bengluru</name>
  </contact_info>
  <contact_info>
    <id>4</id>
    <first_name>Zack</first_name>
    <last_name>Rohe</last_name>
    <zip_code>23456</zip_code>
    <street>street 49</street>
    <city_id>4</city_id>
    <email_address>zack@gmail.com</email_address>
    <created_date>2022-02-06 00:05:54</created_date>
    <updated_date>2022-02-06 00:05:54</updated_date>
    <name>Chennai</name>
  </contact_info>
  <contact_info>
    <id>5</id>
    <first_name>fghd</first_name>
    <last_name>dfsgs</last_name>
    <zip_code>ghdg</zip_code>
    <street>ghgfh</street>
    <city_id>1</city_id>
    <email_address>ghgfdh@gmail.com</email_address>
    <created_date>2022-02-06 00:06:35</created_date>
    <updated_date>2022-02-06 00:06:35</updated_date>
    <name>Mumbai</name>
  </contact_info>
</address_book>
