<?xml version="1.0"?>
<address_book>
  <contact_info>
    <id>16</id>
    <first_name>zakir khan5</first_name>
    <last_name>dfsgs</last_name>
    <zip_code>ghdg</zip_code>
    <street>ghgfh</street>
    <city_id>2</city_id>
    <email_address>ghgfdh@gmail.com</email_address>
    <date_created>2022-02-03 19:14:09</date_created>
    <name>Benguluru</name>
  </contact_info>
  <contact_info>
    <id>17</id>
    <first_name>zakir khan5000</first_name>
    <last_name>dfsgs</last_name>
    <zip_code>ghdg</zip_code>
    <street>ghgfh</street>
    <city_id>1</city_id>
    <email_address>ghgfdh@gmail.com</email_address>
    <date_created>2022-02-03 20:13:00</date_created>
    <name>Mumbai</name>
  </contact_info>
</address_book>
